leixing,Mass,RT,SXT-col-12h+13c6-phe-1,SXT-col-12h+13c6-phe-2,SXT-col-12h+13c6-phe-3,SXT-col-ck-1,SXT-col-ck-2,SXT-col-ck-3
1.0,332.1208,3.35,14336066.56,15006386.86,15899140.77,1.0,1.0,1.0
0.0,326.0999,3.35,1421810.634,1551017.328,1659991.197,1191385.177,1427394.785,1353163.023
1.0,600.1779,4.3,1208699.474,1287256.988,1189823.721,1.0,1.0,1.0
0.0,594.159,4.31,16929921.68,17184248.99,16653306.76,21666144.4,19760046.61,20671675.96
1.0,152.0568,3.35,2751015.361,2892284.537,3022856.292,1.0,1.0,1.0
0.0,146.037,3.35,263172.7747,315391.7626,341312.9777,242133.6729,284269.4381,262526.9115
1.0,213.1095,4.65,601466.5578,813254.2249,604388.2614,1.0,1.0,1.0
0.0,207.0892,4.65,170918.2563,206484.9263,157258.308,243139.2335,263182.2686,248420.9532
1.0,424.1673,3.17,534968.311,620363.2175,624099.6657,1.0,1.0,1122.400648
0.0,418.1481,3.17,4899497.748,5330841.376,5652415.345,7959085.343,6783957.124,7356838.716
1.0,471.1323,6.24,501760.1141,513042.7611,582146.1107,1.0,1.0,1.0
0.0,465.1122,6.24,434281.2792,438108.7781,434749.6961,423886.7295,385758.3361,414546.1924
1.0,378.1258,2.59,807645.7991,893876.9779,859152.245,1.0,1.0,1.0
0.0,372.1053,2.59,127038.6552,139638.3246,162170.0106,106573.2894,102468.598,137714.5148
1.0,170.0673,2.59,835688.3748,847650.9671,1036178.147,1.0,1.0,1.0
0.0,164.0476,2.59,132789.4908,140625.3108,166864.6044,81279.30049,90629.82004,95811.66835
1.0,154.0728,2.04,1679367.288,1913519.754,1839615.964,1.0,1.0,1.0
0.0,148.0528,2.05,72156.46983,71611.60597,77354.15921,61602.72729,42911.15252,51142.49182
1.0,124.0618,3.34,867766.0409,913227.0875,970321.3401,1.0,1.0,1.0
0.0,118.042,3.35,97353.96401,97059.56999,104684.1817,88379.59043,100922.5619,93188.25346
1.0,470.1145,4.79,321110.3106,344339.7652,333564.2685,1.0,1.0,1.0
0.0,464.0938,4.79,58718.49126,100311.7399,102731.654,141791.9379,115674.7666,126548.2002
1.0,762.2306,3.4,293367.1013,286233.559,326701.7709,1.0,1.0,1.0
0.0,756.2119,3.4,2693454.09,3389592.71,3793376.478,5589183.424,5343724.94,5454005.48
1.0,332.1205,2.59,289999.4542,406937.4103,430321.1708,1.0,1.0,1.0
0.0,326.1003,2.59,205383.9185,259047.0568,223487.0641,250248.3772,257311.4728,263814.3768
1.0,732.2346,5.83,28306.5692,27463.41926,36543.58984,1.0,1.0,1.0
0.0,726.2155,5.83,1074388.716,1349919.827,1200632.268,1385365.702,1476388.342,1392953.658
1.0,558.2033,6.79,113605.0015,98811.26244,103663.1291,3128.149725,5146.630114,3700.153299
0.0,552.184,6.79,4194222.048,4201036.357,3184911.442,3805372.113,3415913.874,4286175.245
1.0,400.1078,2.59,424639.3212,484108.2524,514296.1212,1.0,1.0,13175.73107
0.0,394.0876,2.59,108632.9772,111072.8393,131879.0699,109251.7595,115172.3478,121660.9951
1.0,384.1282,2.93,283324.997,294280.3006,264210.7319,1.0,3928.104133,1.0
0.0,378.1081,2.93,1098703.777,1205619.307,1309999.608,1678487.787,1712960.983,1683445.225
1.0,454.1197,5.25,155849.1859,244546.6138,244289.5483,1.0,1.0,1.0
0.0,448.0994,5.25,104482.7831,96198.20404,106727.8605,52247.36969,90294.4878,87709.74079
1.0,485.1478,7.1,250249.1774,238219.1392,242820.6221,1.0,1.0,1.0
0.0,479.1274,7.1,258468.9806,198978.286,239769.7759,228370.1749,181275.5302,194109.8336
1.0,616.1729,3.44,183877.11,235493.744,210587.2157,1.0,1.0,1.0
0.0,610.1532,3.44,501742.8856,551066.881,600723.7909,740749.3628,664872.7315,659208.8271
1.0,279.0803,4.65,164104.8833,232444.2426,197698.2434,1.0,1.0,1.0
0.0,273.0609,4.65,42110.62674,38992.60852,37738.66686,58880.14949,62851.33275,56989.46676
1.0,600.1772,5.02,157772.6517,189536.0685,165347.0391,1.0,1.0,1.0
0.0,594.1568,5.02,151016.243,198017.46,234016.4429,188799.2138,254687.6979,275355.7145
1.0,348.1149,3.06,142425.1962,154561.9712,154354.7598,1.0,1.0,1.0
0.0,342.0947,3.05,470955.8997,390857.6901,508320.7734,551974.3938,535688.3054,520675.2221
1.0,528.2296,4.8,255302.5113,246248.9304,270283.9196,1.0,1.0,1.0
0.0,522.2095,4.8,1295125.022,1267243.147,1525940.333,1747686.06,2024838.664,1933634.689
1.0,306.1047,1.77,113624.3943,129345.0682,100262.2875,1.0,1.0,1.0
0.0,300.0843,1.76,264673.9188,389779.864,356855.8914,451836.4458,462371.1629,479805.258
1.0,144.052,1.77,134573.1158,182364.1852,145608.8899,1.0,1.0,1.0
0.0,138.0318,1.77,381370.9439,459783.3994,440430.8294,529253.9495,551249.1654,540050.7782
1.0,408.1361,2.9,69469.02916,84524.04609,95000.54706,1.0,1.0,2364.089127
0.0,402.1158,2.9,342963.8704,339600.6603,335623.4168,533513.7493,507276.1319,524992.3274
1.0,454.1193,5.98,113235.0895,202737.2756,238195.465,1.0,1.0,1.0
0.0,448.0997,5.98,593727.0132,1408712.117,1618697.959,2007191.915,1637655.474,1826147.438
1.0,171.0988,4.65,94746.07597,126995.8182,97494.34195,1.0,1.0,1.0
0.0,165.0786,4.65,30108.17428,37169.38832,26697.92048,41778.26347,42478.76853,43697.11476
1.0,684.1598,3.99,142400.6258,143747.7043,152564.0697,1.0,1.0,1.0
0.0,678.1397,3.99,1869724.359,1862734.94,2005482.898,719696.5808,1850596.953,607032.3603
1.0,200.0781,2.91,60930.08892,63501.71775,60566.72558,1.0,1.0,1.0
0.0,194.0578,2.9,246201.2317,310521.4196,344082.8977,477502.0584,462115.3382,468847.1159
1.0,186.0988,2.94,137282.2368,145276.3496,130507.8824,1.0,1.0,1.0
0.0,180.0787,2.94,564687.4528,649085.0606,706876.5772,1015803.27,1000478.111,997211.0345
1.0,539.1199,6.24,125629.0769,120356.0086,139973.8865,1.0,1.0,1.0
0.0,533.0998,6.24,110657.0849,104170.0776,99285.0992,113396.0819,101536.2444,103029.3207
1.0,478.2139,5.64,60525.89395,85452.06703,73504.22196,1.0,1.0,1.0
0.0,472.1941,5.65,354954.6477,364952.5982,333189.8308,324168.9633,279035.7739,305583.6196
1.0,558.2038,3.86,209025.2454,216949.5477,243388.025,1.0,1.0,1.0
0.0,552.1838,3.86,1989680.879,1746412.366,1745651.541,2183950.464,2605909.967,2411365.017
1.0,558.2033,7.05,30844.17851,20303.67561,33468.59208,1.0,1.0,1.0
0.0,552.1833,7.08,915475.5667,889668.5106,995965.9064,958613.5851,1383929.931,1201380.31
1.0,558.2033,7.05,30844.17851,20303.67561,33468.59208,1.0,1.0,1.0
0.0,552.1832,7.04,738334.5011,936444.0368,814709.5468,767476.2714,1039184.799,907311.9363
1.0,170.0673,3.35,272554.1535,275501.4766,288575.3747,1.0,1.0,1.0
0.0,164.0479,3.35,21909.66961,10002.52177,34429.08132,46678.02908,40180.79416,41508.78225
1.0,579.1891,2.38,124351.0317,142803.7064,135816.4829,1.0,1764.035186,1.0
0.0,573.1691,2.39,160750.5598,179079.2131,177410.0752,197203.6497,205996.9924,209252.6191
1.0,540.1785,2.09,69187.5486,66299.07232,64392.62145,1.0,1.0,1.0
0.0,534.1583,2.1,32661.91342,48413.57972,50713.08345,43784.34968,50499.23095,77737.47972
1.0,430.1179,2.91,53860.08881,51771.68963,53087.27073,8425.613769,1.0,1.0
0.0,424.0974,2.91,241107.0588,280106.6065,303464.5558,411926.1629,401943.9187,420802.5107
1.0,502.2228,5.04,149071.6027,143995.3451,165931.4768,1.0,1.0,1.0
0.0,496.2026,5.04,72413.18752,65338.7522,85097.55501,59668.40313,42260.15234,53264.99854
1.0,334.1357,3.02,119594.2742,147875.1806,157285.4195,1.0,1.0,1.0
0.0,328.1154,3.01,173495.0492,191241.5572,181066.8161,221023.0105,210869.3662,231363.4222
1.0,510.1677,2.55,19834.15246,31888.15661,33569.16341,1.0,1.0,1.0
0.0,504.1479,2.55,48681.96316,80256.68769,90003.14199,109082.5058,101904.9217,101931.3132
1.0,411.1468,2.92,82701.7804,83580.49398,30944.77161,1.0,1.0,1.0
0.0,405.1268,2.92,289463.8397,363859.6813,391147.2117,522870.892,531698.7622,537938.7832
1.0,235.091,4.65,94426.5872,116320.88,91330.06534,1.0,1.0,1.0
0.0,229.0711,4.65,33425.91573,36365.38192,31475.08343,52058.69833,56078.92767,49815.51215
1.0,386.1248,2.92,77776.73076,28700.59538,72537.03148,1.0,1.0,1.0
0.0,380.1053,2.91,394994.1468,429177.7481,474918.2652,579369.2338,610720.3397,592048.8666
1.0,552.2408,2.88,41972.6238,58301.76606,41895.22282,1.0,1.0,1.0
0.0,546.2212,2.87,252719.7793,316163.7866,327364.6525,279663.9933,248639.9197,257574.6466
1.0,668.1649,4.34,81328.0937,82830.55483,16464.4778,1.0,1.0,1.0
0.0,662.1449,4.34,921423.2946,951492.0599,757631.0048,1236564.032,1175718.232,1147702.839
1.0,144.0519,3.02,62370.37202,86657.32433,73810.77374,1.0,1.0,1.0
0.0,138.0317,3.06,261904.1346,472922.8747,183355.5245,400647.7439,513937.9577,491346.3501
1.0,374.092,1.76,49012.08277,53419.20603,57464.44688,1.0,1.0,1.0
0.0,368.0717,1.76,114607.6509,104669.8191,123289.1743,179105.2254,79661.07727,205492.1091
1.0,782.271,5.6,20227.6974,1900.019619,8145.457038,1.0,1.0,1.0
0.0,776.2515,5.6,408365.0373,686841.3072,488596.8162,488531.0927,654466.7182,422320.9007
1.0,864.2763,5.23,55361.37339,59535.98045,41771.32484,1.0,1.0,1.0
0.0,858.2572,5.23,1805995.878,2192975.458,2073826.991,2306180.778,2225511.013,2263377.138
1.0,553.1353,7.1,72537.06932,63294.35049,66050.27158,1.0,7824.546987,6253.225536
0.0,547.1148,7.1,55834.35493,35207.65513,37335.86087,34021.68602,30771.33504,31597.01267
1.0,534.213,3.78,104554.8432,51430.98483,61587.13537,1.0,2155.101449,1.0
0.0,528.1926,3.74,293569.1695,171792.2525,182212.268,216803.2875,159299.9886,181124.3788
1.0,542.2083,4.97,96762.01048,90893.96265,118327.8455,5458.460836,1.0,2071.152681
0.0,536.1883,4.97,178821.8749,208013.7133,239397.6096,214433.1589,282721.7817,228537.7575
1.0,666.148,4.12,81186.76929,68110.48992,57513.40834,1.0,1.0,7729.911637
0.0,660.128,4.12,605110.625,775495.4573,746478.7388,756739.9006,792615.0317,732679.607
1.0,352.1104,1.77,36850.62009,50192.56354,37272.95975,1.0,1.0,1.0
0.0,346.0899,1.77,74575.95988,66733.43504,60923.65195,90227.36155,98260.63834,69680.70052
1.0,524.219,5.64,32647.36511,41123.88441,22358.19068,1.0,1.0,1.0
0.0,518.1988,5.64,158778.0593,167690.7711,141941.4127,139687.2957,129410.0191,131940.3783
1.0,830.2176,3.4,38575.5576,74361.49041,73503.58741,7079.617547,1.0,7576.393705
0.0,824.1975,3.4,508589.481,600566.0697,643791.2803,947816.1302,987758.968,1004159.612
1.0,168.0518,2.77,41208.14573,51419.60101,57054.99984,1.0,1.0,1.0
0.0,162.0316,2.77,24842.22044,21588.24777,34956.8459,29926.07488,67696.77951,54263.89813
1.0,528.1924,6.72,30007.439,8263.809547,18715.66532,1.0,1.0,1040.69575
0.0,522.1728,6.72,215653.7911,243949.994,242167.5775,256291.2133,296041.6226,247303.9415
1.0,607.1069,6.24,61028.13475,46290.77623,63463.15161,1.0,1.0,1.0
0.0,601.0873,6.24,26842.08989,30586.94479,33364.43945,27085.75848,31590.21749,28974.29244
1.0,864.2757,5.34,1.0,1.0,26978.28403,1.0,1.0,1.0
0.0,858.2562,5.33,802034.4203,1018918.238,942946.9709,1003022.236,1123910.775,1067137.652
1.0,814.2224,4.26,57099.75743,57611.51105,60650.14897,1.0,1.0,1.0
0.0,808.2024,4.26,360089.2397,407366.7667,439548.3175,514627.5758,484340.1255,477752.095
1.0,336.1664,4.8,37417.48958,40631.04715,49395.76868,1.0,1.0,1.0
0.0,330.1459,4.8,247938.3357,250121.4525,285026.2508,341431.2767,383661.7811,372250.7338
1.0,1040.2728,4.28,12575.54895,16315.8792,8353.840234,1618.045278,1.0,1.0
0.0,1034.2526,4.28,71232.49491,75053.14154,55046.33894,80427.51725,109097.7641,113323.0119
1.0,638.1926,5.27,72067.25555,84132.74356,90625.24769,1.0,1.0,297.5698168
0.0,632.1722,5.26,227564.8186,278782.3045,310760.034,234498.6092,287575.3351,273967.4056
1.0,227.1249,5.79,16737.73466,16595.96116,18146.49729,1.0,1.0,1.0
0.0,221.1049,5.78,19737.94117,20982.65405,21407.26611,29354.70685,24361.32954,25813.45725
1.0,348.1508,4.88,23597.07406,38954.91331,37661.02588,1.0,1.0,1.0
0.0,342.1308,4.88,25619.41923,33088.14187,22404.5515,28775.11747,24579.82441,23223.29517
1.0,668.1651,4.29,57263.71218,50406.23933,62413.96145,1.0,1.0,1.0
0.0,662.1465,4.29,756494.7554,680982.3662,774040.5926,636476.7266,664766.0651,703936.5818
1.0,414.1383,3.16,33989.18637,38879.38691,38037.77925,1.0,1.0,1.0
0.0,408.1181,3.17,338922.0668,351563.3729,381792.7057,484169.4608,398123.0648,409036.3272
1.0,646.183,3.54,48736.72351,49742.09171,53575.2719,10464.34274,1.0,1.0
0.0,640.1627,3.54,134163.5321,155305.8151,165043.583,202884.6094,184934.4461,193131.9695
1.0,1066.2467,4.46,111616.4832,115411.9224,128746.823,1.0,1.0,1.0
0.0,1060.228,4.46,1796269.921,1880001.955,1887711.161,1788689.648,2119885.811,1975524.728
1.0,684.1598,3.44,51517.67539,53570.75813,49522.46993,1.0,1.0,1.0
0.0,678.1394,3.44,98186.65493,115871.1462,106262.721,159418.9278,133465.1221,164619.9184
1.0,907.1964,3.05,54003.4496,64856.90931,76105.22314,1.0,1.0,1.0
0.0,901.1767,3.06,177916.4167,208469.4075,197342.7671,232957.6449,173461.0608,211693.9562
1.0,518.2176,4.86,47130.61568,41278.14034,56383.56003,1.0,1.0,887.0472859
0.0,512.1983,4.85,24299.56026,21542.85288,27403.8545,19039.00307,14406.11409,22410.67875
1.0,526.2134,5.33,51307.14696,18601.87289,64996.45855,1379.584949,1288.779539,967.6808103
0.0,520.1937,5.34,396756.7202,426501.4008,185322.6447,388659.6876,483701.6426,369417.3631
1.0,526.2134,5.33,51307.14696,18601.87289,64996.45855,1379.584949,1288.779539,967.6808103
0.0,520.1932,5.33,409686.9433,408708.403,471967.4129,389360.5519,457584.1573,356390.4697
1.0,572.2193,5.34,40033.57241,32255.52069,31155.67071,1.0,1.0,1.0
0.0,566.1991,5.34,485600.117,569552.6853,220393.033,512441.3823,615193.9687,386391.9319
1.0,572.2193,5.34,40033.57241,32255.52069,31155.67071,1.0,1.0,1.0
0.0,566.1993,5.34,483080.6869,581512.2328,145666.1241,427328.9988,613878.0866,510939.6167
1.0,460.128,4.67,37047.10468,36545.06433,34006.18143,1.0,1.0,1.0
0.0,454.1072,4.67,83315.96688,68281.06377,55939.4319,97190.30594,1.0,77458.35127
1.0,438.1255,5.88,28619.10868,35453.66802,37257.71645,1.0,1.0,1.0
0.0,432.105,5.88,46972.20039,65682.60887,61150.18742,61749.50152,68979.56864,68207.76358
1.0,528.1929,7.09,5234.752996,5819.994042,10287.70337,1.0,1.0,1.0
0.0,522.1729,7.09,188317.1117,186673.2385,193916.8645,220931.1252,261588.8865,240415.8401
1.0,573.1991,2.53,19609.55067,46568.6873,21899.62246,1.0,1.0,1.0
0.0,567.1799,2.53,89775.69063,143353.7847,150454.2655,274827.5976,206224.7222,212670.7102
1.0,646.1827,4.18,20282.99017,12047.20814,11389.18616,1.0,1.0,1.0
0.0,640.1619,4.18,50086.79131,68074.11447,57417.4812,69126.95218,70041.46159,71590.39142
1.0,720.2712,5.78,36151.79864,33909.49349,19478.32973,1.0,1.0,1.0
0.0,714.2513,5.79,394392.9065,182162.1164,469764.8318,487782.8003,396798.4459,485871.1878
1.0,171.0625,3.59,8610.106999,17017.67622,10871.23986,1.0,1.0,1.0
0.0,165.0425,3.57,52446.5728,57560.8377,44273.16079,33254.08441,26793.8877,27417.60853
1.0,466.1927,4.88,48883.75863,47001.33409,49045.03722,1.0,1.0,1.0
0.0,460.1728,4.88,68370.66819,50371.667,70623.49774,43466.22544,58381.94077,52972.83156
1.0,154.0722,5.32,108950.8216,146246.865,138800.4849,1.0,1.0,1.0
0.0,148.0521,5.32,18955.54434,25487.15645,21919.50959,20912.93911,28489.43963,26830.22868
1.0,668.164,5.03,32549.62457,42523.91683,29896.73072,1051.24688,1.0,1.0
0.0,662.1439,5.02,39483.05046,33849.58272,39739.11836,72508.28883,56223.05244,54758.16794
1.0,626.1905,3.86,77908.82559,62777.80905,80220.53016,1.0,8398.903088,1.0
0.0,620.1708,3.86,547414.4722,470982.039,422669.2821,556885.4655,674573.3367,597657.1424
1.0,378.1614,5.6,16602.67768,16931.99892,19515.92319,1.0,1.0,1.0
0.0,372.1414,5.61,141873.3058,148501.5158,25914.58397,246914.6186,217890.6359,123358.8309
1.0,1092.3246,3.63,42765.10928,40621.83779,41047.89666,2074.751341,1.0,1.0
0.0,1086.3039,3.63,151393.7049,150671.9496,160925.2353,178851.9465,160000.4033,176385.6702
1.0,558.2034,3.68,1.0,18705.79686,18227.17173,1.0,1.0,1.0
0.0,552.1841,3.68,455763.2671,435898.9758,490747.9808,490737.8986,478386.8858,467031.5568
1.0,724.302,4.96,12519.06568,8820.943006,19206.59015,1.0,1.0,1.0
0.0,718.2824,4.97,163457.601,195443.4297,232469.371,336129.4532,207435.9606,226171.3842
1.0,396.1508,3.86,82722.49988,64764.1163,61768.01705,1.0,1.0,1.0
0.0,390.1316,3.86,342228.4661,304559.5555,364024.0567,402538.9656,491744.4277,449611.6388
1.0,892.2935,3.55,34846.52632,39618.75784,43702.10172,1.0,1465.965178,1.0
0.0,886.2728,3.55,256416.2352,291697.9629,312402.7719,405953.869,367863.5749,382310.3675
1.0,668.1652,3.8,32206.07062,32248.32747,27333.04763,1.0,1.0,1.0
0.0,662.1447,3.8,91855.47798,98709.40997,98147.58065,127324.6741,120139.5194,128438.4837
1.0,932.2636,5.24,8202.263002,8399.084393,9244.694336,1.0,1.0,1.0
0.0,926.2435,5.23,438536.525,531737.9065,465139.2281,518375.4225,511454.7181,535596.3027
1.0,962.334,3.84,26904.60061,26603.92614,34324.36609,1.0,1.0,1.0
0.0,956.3147,3.84,139569.1724,120816.9547,139665.1317,117106.5922,190929.69,148828.997
1.0,153.0648,2.94,23907.14914,25760.90764,1.0,1.0,1.0,4812.060723
0.0,147.0448,2.94,105115.5363,121145.2884,117958.7446,195550.3807,182744.5063,193563.7623
1.0,690.2817,3.55,17139.98584,18339.87278,19171.13254,1.0,1.0,2171.961466
0.0,684.2617,3.55,174936.8477,228000.8341,225836.1128,324864.6538,331171.2841,316512.8511
1.0,384.1364,1.9,1.0,19117.16324,38624.63444,1.0,1.0,1.0
0.0,378.1157,1.9,244525.734,190653.2208,236297.9195,283637.1352,264916.7133,256628.477
1.0,558.2035,3.98,91824.76742,58204.6009,15760.25459,1.0,1.0,1.0
0.0,552.1836,3.97,290784.4896,465253.3629,544542.297,241024.7132,326232.7863,585885.7203
1.0,1036.274,3.72,24432.77135,1.0,30575.4171,1.0,1.0,1.0
0.0,1030.2543,3.72,118081.4096,133225.725,128576.3626,129742.3111,182155.3403,165371.3318
1.0,336.1147,3.81,12135.98703,6382.658184,1936.067211,1.0,1.0,1.0
0.0,330.0953,3.81,2174187.544,2218850.964,2127656.591,2826253.255,2168896.617,2491006.921
1.0,394.1202,3.04,22817.54462,15894.16724,26178.52082,1.0,1.0,1.0
0.0,388.1,3.05,114789.4348,97160.47601,78890.25974,93591.19983,101093.5464,98108.70173
1.0,724.3022,4.85,19110.90311,13253.53311,13026.7302,1.0,1.0,1.0
0.0,718.2823,4.85,167489.0844,196030.67,196475.4037,182202.5288,202262.3956,233492.6973
1.0,278.0882,7.69,17749.9869,33489.71362,24518.70425,1.0,1.0,1.0
0.0,272.0682,7.7,10708.13377,20031.05222,21022.65203,21903.7976,24832.59514,26926.27627
1.0,411.1108,2.78,10533.36716,7755.603236,9716.428074,1.0,1.0,1.0
0.0,405.0908,2.76,2326.104765,27831.63002,15551.35065,16593.37786,10395.11695,17501.54076
1.0,834.2621,6.72,47560.15194,52966.2623,32238.44021,1109.187447,1.0,1.0
0.0,828.2433,6.73,212926.3784,25363.69786,190539.4496,216696.3679,189527.4452,235457.9266
1.0,778.2249,3.39,25006.83441,24418.30853,27701.96001,1.0,1.0,1.0
0.0,772.205,3.39,152570.7207,224013.7896,196822.3704,289723.0159,210172.8117,246258.0467
1.0,855.2472,4.04,22376.61644,25987.3306,20767.42513,1.0,1.0,1.0
0.0,849.2284,4.04,223053.0433,289678.6002,287536.0374,479574.5766,421991.9211,454852.2192
1.0,736.1517,4.29,18787.50324,32034.36239,9919.327418,1.0,1.0,1.0
0.0,730.1323,4.28,132756.7146,132591.8155,123339.6405,110150.4038,135964.4709,121652.6343
1.0,440.141,6.15,34710.4468,37025.84015,30990.97038,1.0,1.0,1.0
0.0,434.1208,6.12,13799.23581,18168.19307,20144.13554,26624.57292,19285.05739,23120.70548
1.0,1068.361,4.25,42751.20388,42289.01105,40670.75941,1.0,1.0,1.0
0.0,1062.341,4.25,149708.4759,121493.0609,197624.6895,162101.2749,114447.3784,126180.9362
1.0,628.2455,3.61,37207.71193,28752.98745,33448.20765,1.0,1.0,1.0
0.0,622.2249,3.61,136705.4932,104230.2022,122651.3837,118794.3385,124074.9336,120716.7773
1.0,494.1875,5.8,13290.50367,9082.417096,18265.75676,1.0,1.0,1.0
0.0,488.1675,5.8,439557.4083,469131.2388,539720.8021,438589.0955,481249.6339,459315.4827
1.0,184.0466,3.58,11503.58644,20219.43997,20957.11669,1.0,1.0,1.0
0.0,178.0264,3.58,70379.85559,127131.3722,143633.2248,126093.0814,140868.5229,126298.6104
1.0,423.1102,3.27,10514.86418,21219.22654,9540.740114,1.0,1.0,1.0
0.0,417.0908,3.27,204898.3147,157345.771,212664.0351,337259.9608,395343.7724,354615.8835
1.0,752.1469,3.99,17193.67584,1656.116994,11503.64204,1.0,1.0,1.0
0.0,746.127,4.0,317950.7765,149707.5761,136560.8101,280687.2801,289347.6425,247066.6813
1.0,840.1643,3.05,33154.17972,32292.75533,27100.58939,1.0,1.0,1.0
0.0,834.1452,3.06,96953.48485,96116.34346,86632.10274,90488.83311,66248.08019,75687.11655
1.0,922.3032,4.3,29780.45138,25597.96922,31655.53052,1.0,1.0,1.0
0.0,916.2836,4.29,249018.8232,192942.7222,280490.0092,227210.2291,179656.6352,193065.7925
1.0,636.154,4.31,16180.48873,20112.40006,22018.01432,1.0,1.0,1.0
0.0,630.1338,4.31,170456.2077,184138.9135,136923.1972,219092.3099,206365.1088,202748.835
1.0,216.1092,3.17,17623.39081,18712.0478,17571.45331,1.0,1.0,1.0
0.0,210.0888,3.17,141850.0791,154424.7295,157398.9823,218465.2336,201794.3369,207823.6296
1.0,658.2568,3.8,26394.41543,29740.19654,27794.54909,1.0,1.0,1.0
0.0,652.2365,3.8,114191.4451,117769.6691,134580.0204,121177.1733,151937.4757,115798.5054
1.0,586.1981,6.48,1.0,9571.814893,11896.63516,1.0,1.0,1.0
0.0,580.1779,6.48,33382.9268,31399.1513,29735.48347,22074.51518,31212.78595,29939.91925
1.0,396.1509,6.79,8507.559325,6586.469063,5566.221329,1.0,1.0,1.0
0.0,390.1309,6.79,182726.1863,224612.7031,241947.8731,183533.515,217429.7213,227128.8669
1.0,586.1624,4.07,13573.68883,3272.242028,1226.99489,1.0,1.0,1.0
0.0,580.1416,4.07,135960.0491,147992.2674,172586.4434,209294.7628,185298.0992,197376.5142
1.0,564.2054,4.8,15566.32352,19454.7724,21535.00255,1.0,1.0,1.0
0.0,558.1851,4.8,91293.54383,78953.11774,99707.1386,117361.136,145365.9339,131261.6388
1.0,392.1414,3.61,20803.67457,33734.46332,41312.29201,1.0,1.0,1.0
0.0,386.1211,3.6,408684.1827,262315.3143,376259.2591,305633.7052,251547.2716,277737.3376
1.0,654.1872,4.67,9294.729814,11579.29279,15176.6192,1.0,1.0,1043.149015
0.0,648.1667,4.67,286339.2397,348623.0287,291074.5832,215741.3422,494955.2461,393940.2099
1.0,613.1878,7.7,19239.41093,26229.49895,22851.77131,1.0,1.0,631.7658174
0.0,607.1688,7.7,8771.578456,13056.24769,16023.2864,20641.46593,19257.97293,23616.91456
1.0,759.2976,3.55,18017.21445,12286.87763,6894.327336,1.0,1.0,1.0
0.0,753.2771,3.55,25546.01441,25201.82518,34597.25761,33211.4947,34852.2855,32465.65542
1.0,782.2117,4.26,20424.99099,24932.41452,28671.37213,1.0,1.0,1.0
0.0,776.1917,4.26,120384.7474,134434.4298,140427.857,127234.9963,121314.0376,138643.5286
1.0,202.0936,3.01,3516.723105,7999.653933,7630.170036,1.0,1.0,1.0
0.0,196.0732,3.02,46812.5983,56648.14576,61137.13114,99182.8251,95645.92688,89712.66021
1.0,972.2823,4.35,20459.68255,27193.30512,22950.27587,1.0,1.0,1.0
0.0,966.2617,4.34,195330.7011,193495.4855,190607.6719,301415.2789,229940.476,270310.3953
1.0,884.3379,4.8,10283.2714,9180.637916,14709.94733,1.0,1.0,1.0
0.0,878.3192,4.8,33563.85969,42288.01191,34914.08097,30819.86816,34109.91979,40770.42326
1.0,200.0777,4.93,47841.68029,65839.43356,24371.19025,1.0,1.0,1.0
0.0,194.0578,4.94,29629.01178,51618.29612,46090.05337,45704.30178,30916.12097,47866.01838
1.0,400.143,5.61,3777.506148,11900.08594,19015.15437,1.0,496.7992251,1.0
0.0,394.1235,5.61,24187.27485,22060.13876,20338.51359,15167.26029,12825.46308,16121.4312
1.0,743.1937,2.92,30308.66523,24605.62663,34866.83772,1.0,1.0,1.0
0.0,737.1735,2.94,89153.51851,83373.52107,88812.01652,147201.4886,154981.283,144148.3664
1.0,736.342,4.86,1.0,37850.41682,6520.588386,1.0,1.0,1.0
0.0,730.3216,4.87,1.0,11735.76262,33840.43008,9975.598152,11430.09531,9597.458917
1.0,868.3438,4.78,12923.45591,16951.77659,10044.10131,1.0,1.0,1.0
0.0,862.3247,4.77,108204.5868,129676.5106,121807.4393,152006.5976,151186.3465,155202.0076
1.0,728.1014,3.48,20078.01681,20864.6357,29670.86242,1.0,1.0,1.0
0.0,722.081,3.47,171030.1128,259145.7079,292950.533,240365.2008,163186.6771,211368.765
1.0,294.0829,5.84,21399.14469,32900.23103,36430.91629,1.0,1.0,1.0
0.0,288.0632,5.84,12399.20296,15153.03201,10682.3984,20321.67354,16169.2603,17813.97572
1.0,174.0624,3.29,6930.919174,6209.900483,4533.407882,1.0,1.0,1.0
0.0,168.0419,3.29,181478.6336,207388.6982,188103.8391,192987.8592,212442.0013,206724.546
1.0,334.1506,5.04,30924.71272,30038.31459,20685.11815,1.0,1.0,1.0
0.0,328.1306,5.04,33041.48744,38871.18346,25145.47565,23241.42544,42812.79522,34893.17551
1.0,430.1861,6.17,37815.52553,47537.05191,52920.9897,1.0,1.0,1829.02124
0.0,424.1664,6.16,15168.25586,1.0,8424.019731,14258.95231,11632.26258,15118.87998
1.0,740.2228,2.91,9268.941343,10059.14877,11585.03344,1077.785658,489.4994058,1.0
0.0,734.2035,2.9,50186.53733,23366.35382,37170.20565,50457.42388,50489.42225,66202.51045
1.0,528.1149,4.68,15347.08891,15154.52013,9376.267295,667.0433933,1.0,1167.125838
0.0,522.0946,4.68,35255.99471,31741.64898,31462.86219,48444.442,42423.75547,36775.55526
1.0,480.1717,5.44,12087.16537,8809.582232,1.0,1.0,1.0,1.0
0.0,474.1513,5.45,41398.09567,39040.3616,35487.11083,46626.23181,42963.99448,42445.47127
1.0,396.1506,4.83,36330.13688,37665.5964,37792.21907,1.0,1.0,1.0
0.0,390.1309,4.84,197317.1788,266615.3273,248374.9019,242561.3057,215495.1732,260849.0911
1.0,590.2295,3.66,26770.12397,31442.31657,36393.94204,1.0,1.0,1.0
0.0,584.2101,3.66,210593.5174,191351.1163,232975.4658,136586.6972,198326.311,278332.7509
1.0,590.2295,3.66,26770.12397,31442.31657,36393.94204,1.0,1.0,1.0
0.0,584.2096,3.66,144344.6661,190486.5861,229386.066,212315.9827,181558.3318,278305.6567
1.0,458.0974,5.89,16153.56483,13799.37867,12561.09172,1.0,1.0,1.0
0.0,452.0769,5.88,352052.7824,366635.8763,370880.3995,483596.3411,405081.9278,425724.4425
1.0,664.2033,4.8,18287.41804,17172.92257,19029.60218,1.0,1.0,1.0
0.0,658.1833,4.8,110819.4017,95396.41644,112122.9514,92642.22483,110389.5036,121844.3732
1.0,726.1645,5.64,7009.731249,6350.623093,12980.0244,1.0,1.0,1.0
0.0,720.1441,5.64,38957.10325,35010.1059,32683.21603,32427.73256,29470.13102,31335.25331
1.0,364.1459,3.39,15619.27081,22216.29393,18268.54551,1.0,1.0,1.0
0.0,358.126,3.38,33729.61372,22675.65637,40727.50502,61646.77239,54317.92976,58177.85752
1.0,594.2007,4.85,1.0,15683.79825,1.0,1.0,1.0,1.0
0.0,588.1802,4.85,122385.1231,148144.1193,131511.8202,126742.7576,128517.0873,135272.9596
1.0,775.239,7.17,6984.240521,10480.68034,9465.596627,873.2528215,1.0,1.0
0.0,769.2199,7.17,63100.0803,154413.1931,146226.1041,203822.0637,182213.8512,193110.6926
1.0,439.143,3.34,6121.810421,10442.29884,4781.914041,1.0,1.0,1.0
0.0,433.1229,3.34,37337.47043,43083.83737,41784.82438,41986.01243,30725.34796,35772.29501
1.0,1090.3431,4.25,19948.94423,18073.64109,20731.813,1.0,1.0,1.0
0.0,1084.3232,4.25,75575.65147,74126.466,99792.38394,78153.75891,66975.89453,61751.25817
1.0,1896.5896,3.64,33211.66952,49038.90403,30329.9358,1.0,1.0,1.0
0.0,1890.5701,3.64,62204.99553,59223.90959,53526.74433,90362.52766,92586.93031,91269.67849
1.0,1050.3494,3.87,26000.56161,20146.67935,19098.17859,1.0,1.0,1.0
0.0,1044.3296,3.86,80389.18561,59626.14541,89352.21395,89496.48658,97464.04797,91238.34411
1.0,334.1505,4.85,9361.382785,12274.37882,6442.213152,1.0,1.0,1.0
0.0,328.1307,4.85,95605.68597,85270.25594,89304.13796,106966.0297,110455.0412,100814.3246
1.0,304.1399,4.87,17405.50993,11995.05577,14301.92719,1.0,1.0,1.0
0.0,298.1195,4.87,25205.02666,25070.3387,23023.69804,13360.71804,21499.0052,10365.16115
1.0,572.2185,5.35,1.0,1.0,47468.45567,1.0,1.0,1.0
0.0,566.1991,5.34,485600.117,569552.6853,220393.033,512441.3823,615193.9687,386391.9319
1.0,572.2185,5.35,1.0,1.0,47468.45567,1.0,1.0,1.0
0.0,566.1993,5.34,483080.6869,581512.2328,145666.1241,427328.9988,613878.0866,510939.6167
1.0,882.2103,4.25,14622.81303,19055.57576,18850.86418,1.0,2421.196972,1.0
0.0,876.1901,4.26,74320.40007,82213.63504,83138.75294,98363.5619,94215.95946,102362.9907
1.0,346.1506,5.33,6077.770423,7278.507522,8576.977952,1.0,1.0,1.0
0.0,340.1304,5.34,63383.26822,63593.0011,64184.48378,48048.09716,73197.45806,66357.70299
